time_s,neuron_939,neuron_2444,neuron_3080,neuron_4386,neuron_4780,neuron_5164,neuron_5481,neuron_5656,neuron_6101,neuron_6167,neuron_6406,neuron_6578,neuron_6788,neuron_6801,neuron_7735,neuron_8348,neuron_8697,neuron_8788,neuron_9276,neuron_9384,neuron_9414,neuron_9807,neuron_9975,neuron_12283
0.0,8.809034376434212,-7.282605023362856,4.234676493515127,-14.2294566855642,11.45075987171887,-17.606049264073373,5.870798698609236,-13.768886463540724,-19.652684304558612,-13.126254673980169,-26.8017851012441,-9.248909709755472,25.531782396820837,-19.83790768240453,-9.134793928182749,-0.4575385090564577,-3.7510169341419677,4.582983299422467,10.9662213107443,0.2867280439000055,-16.267769813508156,-7.017104377686831,7.809447942144347,3.554197977286672
0.5,8.352642343461481,-8.206716757040285,2.7768385151231385,-15.325595594264263,7.618267057354677,-15.477877727607138,1.8596125004105293,-14.949998346878935,-19.949554616278192,-14.408489130243055,-25.17158353326429,-8.702392237000039,26.723007464324155,-19.630895039986775,-9.13412817016291,-2.852163726763647,-3.3866945078862147,2.50890666837886,4.237686382069012,-1.808826469897777,-14.626674633881489,-6.7487204284103015,6.83180700265541,5.135501752627359
1.0,7.682884586356188,-9.243453719765224,1.3636852138255988,-16.243047568363465,4.545136088551433,-13.57324178151308,-1.145152950442852,-15.814831340927048,-19.978158966150705,-15.016014719413901,-23.628225782424092,-8.174927473152984,27.149970886333406,-19.28490708345417,-8.713746483011962,-4.430352210546245,-3.0897528230804667,1.2046066951679864,-0.6657939257622392,-3.1269717501674625,-13.229558893730541,-6.37055302024228,6.074581599608358,5.912690154226331
1.5,6.831548790891373,-10.355584670704118,0.016137088749309747,-16.984184379120364,2.1638049884675397,-11.879381234642318,-3.239491552890967,-16.38437388892786,-19.76485142396956,-15.026276811659018,-22.167434837062203,-7.665560019197823,26.905567163280374,-18.81678128062519,-7.936052801823089,-5.281906483535058,-2.847456758586236,0.5729660588141989,-3.9396768108237463,-3.752636470302275,-12.04032790379851,-5.894092476362728,5.511365298388539,5.9803357367726555
2.0,5.8304226428400785,-11.505878369023408,-1.2448853609789268,-17.55137779779352,0.4067117802614,-10.383535895845979,-4.519397205873875,-16.679614434124165,-19.33598605952817,-14.516720777144712,-20.784933685517316,-7.173334476118066,26.082690795596836,-18.243355099318315,-6.863451061689474,-5.49662906886089,-2.6470711932650324,0.5168674383418521,-5.77941947118981,-3.770749303695439,-11.022886974828587,-5.330829119951604,5.115751664381303,5.433011054955399
2.5,4.711293827975347,-12.65710357388954,-2.3984616362323097,-17.94699959564148,-0.7937055129085806,-9.072945573975185,-5.080863808331634,-16.721541419758758,-18.717916942619944,-13.564791986037294,-19.476445316128125,-6.697295444897227,24.774236283714576,-17.58146600735203,-5.558345197704303,-5.164322489654543,-2.475861005978369,0.939193512775299,-6.380479104934723,-3.2662389237401777,-10.141141417563974,-4.69225327418887,4.861334262971996,4.36528866346363
3.0,3.505950032070219,-13.772029044468958,-3.42367123788404,-18.173421543922807,-1.5050088678840012,-7.934850077881059,-5.019885259204309,-16.53114328907443,-17.936998143038284,-12.247935808503069,-18.237692717233315,-6.236487526518818,23.07309812806537,-16.847951472544807,-4.083139144960757,-4.374789269046821,-2.3210910755877565,1.742826961138893,-5.938312910132781,-2.3240340038297163,-9.35899654274786,-3.989855262254486,4.721706659545966,2.8717411169864175
3.5,2.246178940897736,-14.813423539928106,-4.299593666807314,-18.233015413896048,-1.7947602615064593,-6.956489216414724,-4.43245545743195,-16.129408485313984,-17.019583730576613,-10.643597614708348,-17.06439887717159,-5.789955321966353,21.072170829081003,-16.05964896271513,-2.50023683855202,-3.217831930168533,-2.1700262809547057,2.8306504624569895,-4.648378084858278,-1.0290632173572791,-8.640357661123444,-3.2351254073284132,4.67046241948856,1.0469409702128232
4.0,0.9637682402309391,-15.744055819433424,-5.00530842387533,-18.128152976819766,-1.7305216706175486,-6.125102798427303,-3.414568301954623,-15.53732545172021,-15.992027775028335,-8.829222774819435,-15.952286784281634,-5.356743432223343,18.86434888719326,-15.233395945681478,-0.8720422135712749,-1.7832529961504757,-2.0099315009407297,4.105546695753941,-2.7061318271855104,0.5337447622839129,-7.949130083433918,-2.4395540325906104,4.681195108185127,-1.0145392221680765
4.5,-0.30949438415713004,-16.52669464215136,-5.519895009961288,-17.861206003952514,-1.3798550720588612,-5.42793063276992,-2.0622176917123882,-14.775882631535906,-14.88068434618686,-6.882256659002643,-14.897079426902145,-4.935896458273303,16.542526802833912,-14.386029889262327,0.7390407948882949,-0.16085499012346355,-1.8280716144073386,5.470398340054102,-0.30703133518878367,2.2794612617006367,-7.249219120422477,-1.6146314612210393,4.727498291021016,-3.2181269054672197
5.0,-1.5418212464934797,-17.124108767248103,-5.822432925938282,-17.434546266552537,-0.8103224426719893,-4.852212528293572,-0.471397525645212,-13.866068468003588,-13.711907513845317,-4.880144637424082,-13.894499793371521,-4.526459001099642,14.199599076434438,-13.5343882612759,2.2706082517335346,1.559559564781761,-1.611711500215986,6.82808807438172,2.3534661930576464,4.123157607499686,-6.504530082832121,-0.7718480163995856,4.78296553338148,-5.469249524995579
5.5,-2.8945842252371174,-16.875389385946516,-5.292862452337812,-16.602922471324582,0.21379261037546157,-3.2842113184366815,0.7936348610319333,-12.452845459237778,-12.740764044041306,-2.993574972364681,-12.892263816254005,-3.903676341008769,13.00664985940919,-12.840334653054112,3.194296448303366,2.702086353368248,-1.1375744855669307,7.523788211560403,4.797995798962932,6.076522263305406,-4.80701962016509,-0.29861178950518624,4.520428601472822,-7.852074886247537
6.0,-3.9332788759063013,-16.971264183197906,-4.556428023996522,-15.589196883557964,1.3421362361735063,-2.1633766728164057,2.384353282054946,-10.851182588708626,-11.653808041122064,-1.3886763682246726,-11.830526489618071,-3.84280201192637,11.478794843636715,-12.308488114757338,4.075229164143017,3.767734287417805,-0.9849012985211284,8.004909303696092,6.952748584329911,7.993039866369483,-3.143571566994075,0.5024676882798471,4.199853315321857,-9.564407932017819
6.5,-4.467997576528408,-16.84858783455132,-3.6260117172454276,-14.561746835280335,1.6460069716724122,-1.9794864899450277,3.8206283660542484,-8.983904826679712,-10.572295173616862,-0.07298207348830042,-10.724489112450653,-3.754216169323937,9.429635816045,-11.845249160413433,4.210529481124133,5.1207740105944755,-0.6959746673547177,8.260192525342225,8.54409977300216,9.431548178210605,-1.7463931130617623,1.4690443583245822,3.8501470679852425,-10.46891335484963
7.0,-5.027042435424721,-15.997297207831878,-2.5324763351489588,-13.272634405013346,1.53836369936433,-2.0770981568171196,5.424568150411612,-7.188850424852773,-9.649498573667758,0.7936331652792684,-9.688513848006815,-3.1520712870916374,7.4348172761803015,-11.07177854672693,4.340523563192366,6.462207784559651,0.33694046763342744,8.555169399187522,9.29955779367709,10.243718539290407,-0.47920672640462497,2.6244115273009867,3.756902533053267,-11.380969128027681
7.5,-5.743091644136607,-15.009846169511462,-1.721367299943663,-11.816406884307444,1.5416129991412375,-2.1940260049489337,7.611534731481244,-6.436334301001551,-8.571233500579732,1.3702868997934214,-8.893932369541341,-2.3347760010956966,5.847362608798509,-10.006682518392406,4.9294226886380335,7.366766354329635,1.6170284931038867,8.797609895398152,9.371698513459554,10.722065382459277,0.58147859505514,3.963360020559133,3.8871854294222015,-12.58040563918206
8.0,-6.223163915810935,-13.93988839294123,-1.3727442685104165,-10.716597598575417,1.6501831741795512,-2.3001909945067918,9.183935672844568,-7.011610228512153,-7.421153100368248,1.9356038135611207,-8.278071650313624,-1.6165885015794759,5.126280610761682,-8.954861175081119,5.591500292201459,8.319306161200464,2.2260956759016457,8.70211769294543,9.028087708323302,10.76823277356376,1.1930485551419516,5.1281160607283685,4.099273368052714,-13.217462636634465
8.5,-6.0112173133748055,-12.797628294964605,-1.154767624424447,-10.241872052427285,1.898839765292942,-2.787790136318394,9.09431984887502,-7.993100228961197,-6.425171009658794,2.4196924129497877,-7.820086966524537,-1.0130980009296495,5.556840702938161,-8.067265528004155,6.105820530644604,8.882956517225626,2.647524129542299,8.465948540757584,7.892267639410396,10.128196739934705,1.6616293295221645,5.757201422475366,4.169859229208797,-12.444583808609867
9.0,-5.1751113983947405,-11.682815639188041,-0.8922250327164672,-10.202645604340548,2.151968974367753,-3.8680903458215905,7.7688454000317195,-8.330639438556082,-5.795395981978136,2.659229656247639,-7.387512917097303,-0.9712410076411971,6.449943950251413,-7.676346580746739,6.056539843716509,8.307202968783553,3.297807128239858,7.859621169626426,6.088413570950717,9.145934939168134,1.9612712435913169,6.147352313547015,3.8821196234913398,-10.459003687263516
9.5,-4.350292223164797,-10.55522225294826,-0.7504441878298367,-10.31584640522465,2.388745280586082,-4.589147285330015,5.838879851463977,-7.923431959562586,-5.4633106628655215,2.440654262352545,-6.7225070393630375,-1.4409464101265836,7.274543415210761,-7.663005588131351,5.262651913327956,7.033820272641725,3.1846635611503533,6.484798121306701,4.609206384938909,7.803803090425153,1.7839073031450403,6.583431172240538,3.4229018008312453,-8.39081789623105
10.0,-3.5822562906015354,-9.320670494970832,-0.29051536263814143,-10.302533179485707,2.3018962066571627,-4.333009254601483,4.313979796968778,-7.2201879585932405,-5.0980830579376,2.1552987309285565,-5.932114738843425,-1.6182241012422844,8.12843798546128,-7.097929367971118,4.124208257427985,5.396572566794278,2.1146594583055003,4.714273953204154,3.753742612565114,6.055838632152314,1.263280470357391,6.884835050076933,3.046070463202259,-7.092555893995571
10.5,-2.9043472338401175,-7.828009908179582,0.6276784285607003,-10.284219280421167,1.4295460210488478,-3.252137975647714,3.2614289835633623,-6.918777024704283,-4.873881551826774,1.9897396362013182,-5.229563785127375,-1.5567618109824506,9.041583565653802,-6.168918650453676,2.9948107374914144,3.70221573060313,1.3823648639477513,3.030824275610554,3.1920124740597573,4.368852941656199,0.5024377657636351,6.751196223242361,2.8772202842856354,-6.642701647370385
11.0,-2.6814137667749116,-6.28265339992289,1.3865265359255583,-10.367030757720059,0.36801459529515795,-2.0285546394330645,1.3086029623581352,-7.157977690122862,-4.861909581305195,1.5797319016434506,-4.557033302271269,-1.4371567649631523,9.287932877721163,-5.704090293487293,2.022494557386476,2.4540007884183357,1.3811178073729298,1.7153589086317977,2.7804076874448276,3.028620355653351,-0.5605395878959353,5.946127931902166,2.9510933198119806,-6.658411675922174
11.5,-2.708825633219298,-4.963044049003737,1.647935306805931,-10.43145369023556,-0.5153605597494227,-1.2484629268041392,-1.155584619887329,-7.384206585963488,-4.839933619837841,0.7277846134191027,-4.1025008663632745,-1.5183849071254718,8.544280068289893,-5.323766695970301,1.1026311469380135,1.2297310910186763,1.5424956121100004,0.6808649574278951,2.6220636346158375,1.7544821595808682,-1.6963722068892886,4.743524659841058,2.746245694078208,-6.734424549973803
12.0,-2.6582088794547247,-4.1390256725134,1.623891491769849,-10.658777493347186,-1.2453738551411069,-0.7383782212213643,-2.777858309338745,-7.390953468381185,-5.031679680792275,-0.23933292217912197,-4.003004788067231,-2.4454415979637427,7.386780161520964,-4.511795071784001,0.039207671814191616,-0.31296399408201114,1.3837467469543605,0.017612511462211135,2.5555833256670035,0.4061097585657216,-2.5136894060858332,3.661544700250376,2.0388069603011347,-6.020997504564766
12.5,-2.5275610628170115,-3.7952615265002816,1.236789293383239,-11.328581691453804,-1.492646356115968,-0.29457839867068114,-3.4976072960861795,-7.627352335038665,-5.08378747128665,-0.6739911585212909,-3.605750267882079,-3.613064525632654,6.203748604523937,-3.5849850966561445,-0.8210179214991971,-1.6575646716023513,0.38876353025909105,-0.0876441421791149,1.988628748689868,-0.7671096740621947,-3.4339563740335035,2.759647172280077,1.3541581247240333,-4.1577055775714165
13.0,-2.099180163225855,-3.5654241526498724,0.5221850409417362,-12.008390163051269,-2.0202204540431716,-0.3585907298834855,-3.676711136083336,-8.043642195148573,-4.185187988910461,-0.33354299579130386,-2.615024790272935,-3.8784195879407557,5.263950360198374,-2.742987313854927,-0.740782976580223,-2.616271525325715,-1.2067914395319663,-0.11166038606587445,0.9776984264431238,-1.6502478424272655,-4.309767083872565,2.008158228289721,0.9183340874463809,-2.621644349416707
13.5,-1.3385406317293949,-3.322624177823876,0.0046843849472825855,-11.968708198190082,-3.05890239853218,-1.3127461220447314,-3.5928554926214367,-7.734654647469906,-2.610071032936,0.7033583602809634,-1.6707039095242944,-3.376421433892085,4.52927798195104,-1.734655842239681,-0.09463610655742868,-3.5782803917796873,-2.5612787337518714,-0.5010553300677043,0.42933290560778825,-2.3068746689300688,-4.67849611187392,1.112790045055551,0.30252868222029594,-2.0747083989194115
14.0,-0.7615788729549962,-3.141420903374276,-0.37884947476197106,-10.813742493657045,-3.3434383179668283,-2.234055425562751,-2.7841894975174646,-6.843585193390632,-1.108585200034658,1.7964812522746905,-1.0236680950011463,-2.607350262014616,3.650162643553976,-0.6821816434463291,0.2944387371145839,-3.874605517539094,-3.0592929170215504,-1.1870282319445178,0.7773528430258462,-2.5412867379288353,-4.923358029642792,-0.03218484917323364,-0.7444072825551856,-1.734673516056967
14.5,-0.6807897281661857,-2.4687919709183275,-0.5840789079445919,-8.775800638373223,-2.81384848334562,-2.6812043376693406,-1.0549119166674799,-5.62467955092834,0.07069866666915006,2.348726237389404,-0.4843394811940771,-2.090198745173952,2.499973647753174,0.03313271311743353,-0.11346832986596259,-3.2438070558846226,-2.6333216760646097,-1.9311403413095933,1.3972891604174171,-2.1452421806862816,-4.365103074023731,-1.3990582464512153,-1.8200638667849187,-1.6354012495663817
15.0,-0.5389582365951138,-1.0019236839439056,-0.34887823759751035,-6.180906771435395,-2.2061521079385056,-2.7553790301721928,0.42134769988150084,-3.388648127739028,0.88864919605341,2.6041143223991146,0.056376911069291324,-2.0559289699060512,0.8705230140867033,0.557112440516751,-0.8361500549934726,-2.7144791822310923,-2.1270447694998778,-2.323748590601349,1.7787990916431757,-1.4711896965092666,-2.550382647237929,-2.8698337892984593,-2.712423834382787,-1.2211910095156537
15.5,-0.22733802756617166,-0.02126605304168619,0.06479336432116457,-2.9200863989916366,-1.4962654821480523,-1.9935691253517944,0.9911952476380953,-0.1020433103624736,1.5688927878244026,2.503013864626964,0.739489291424795,-2.0049989889752826,-1.2458617046308451,1.081145279859255,-0.9673759622555418,-2.5004418399297075,-2.0755208449465408,-2.2931953395017652,1.6839948044500446,-0.9057774910093628,-0.7172744281966386,-3.8692566843779286,-3.3142793104294133,-0.16502337599868575
16.0,-0.23314972043235158,0.250564028230362,0.4267190851931849,0.6655488773605533,-0.5328475461073685,-1.059772069920609,0.9859927316602831,3.1711917773987777,2.4936445147340685,1.6512423375551746,1.3718741915801442,-1.231908057707539,-3.785287551765795,1.6465974590435466,-1.2270343801810466,-2.0087627155291465,-2.041918871514198,-2.4915291265987882,1.1039832455017984,-0.1894160923123132,0.6183014117529922,-4.086284462430794,-3.4404034750123955,0.6620888568394253
16.5,-0.03357312569923393,1.041425541076248,0.6358073282058114,4.150754728999128,0.17553037568723753,-0.08534072201367995,0.7732835206193626,5.610589516786161,3.4856193698374636,0.1692229027991156,1.5300719008458414,0.5743449413438448,-6.180162392498306,2.3045157342977327,-1.9253236755339391,-1.2420921638110105,-1.7161861444329218,-3.17746383420565,0.12357339048167904,0.22699609769397594,1.3777075298785328,-4.417361397126941,-3.148744062102356,1.0405737717429013
17.0,0.5756553766878059,2.328075942768573,0.3306907280370909,7.609600591171232,0.8612497880441593,0.4399792771824119,0.9797320249043593,7.5704262924466965,4.251518001161842,-1.379438872832587,1.3813173822356144,2.2568363149891724,-7.961722173801716,3.09453888227172,-2.780835862689157,-0.6155143005378249,-1.15046461349719,-3.728610519162336,-1.1881965559847103,0.41719174516527363,1.798801505309428,-4.712274127296704,-2.5361271674525723,1.3261228258417759
17.5,1.1880301732497611,3.8640930601103376,-0.26307535370516244,11.387629075857667,1.1939342534486026,0.46292713274168795,1.477928183267617,8.932631989534656,5.016933228420726,-2.586538453902024,1.4924324825631072,3.6461907197940717,-8.819964753346486,3.9315659244776233,-3.489436838653609,0.06137453525476494,-0.38377839722003665,-3.597605593526802,-2.951810253227994,0.650621044348526,2.364063568871981,-4.6897788526239435,-1.8645913856793443,1.771333614652101
18.0,2.317255955127188,5.833789890050174,-0.566189865658911,15.257156282569607,1.3256921167310347,-0.42340203196266313,1.910508553939626,9.58517151527647,5.5060073846312,-3.500581837948671,1.9069929971723218,5.262300483780043,-8.854855219943666,4.669823695807044,-3.66923637801131,0.9336220221912273,0.7056538775210834,-3.1573474288587082,-4.610450751031967,0.9665130910496595,3.301745396829682,-4.282509706411389,-1.2832704426113304,2.87875993914135
18.5,4.57572795928104,7.904839189911958,-0.7944588246281928,19.41072076044311,1.7023927808335673,-1.8464963835114065,2.2731303475140643,10.769346125500885,5.631050645997111,-3.8371875395316697,2.4639385823875286,6.855292532402386,-8.257358759104918,5.61981260694964,-3.0036388443729924,1.4420918211237024,2.0008548087369724,-2.71387246175487,-5.369141510504713,1.5684199612752312,4.698480540968039,-3.2098379365744045,-0.8595052065884841,4.010277245894953
19.0,7.049333639872179,10.395801110769899,-1.155654251900802,24.508103511151393,2.419048421780875,-2.825693827068223,2.527221360250894,12.666471019101314,5.830459589747794,-3.3122418786643752,3.8158909843844544,7.869137339925118,-6.862354347516012,6.840516196251761,-1.9477759454076993,1.915806236684542,2.896346324362831,-2.1453518774177387,-5.144998859958267,2.4574455930895667,6.477648231195948,-1.50314113275981,-0.38393016822636394,3.8891223500653416
19.5,8.802733195211855,13.556096399815887,-1.2724214738192046,30.083253500760893,3.22464685034583,-2.498665234598576,2.809108276214607,14.122394612652847,6.362366417802655,-2.1118805797895495,6.4844105762557565,8.7278576140631,-4.857479146782385,8.140973001538004,-1.2065580370861104,3.0504915498311664,3.137746886237908,-1.3422773718852206,-4.5009331903363545,3.368194130917465,8.510854708406239,0.4521741378759812,0.605803366143485,3.1221412059309723
20.0,10.56922052919096,16.754382290848206,-0.7235154723124921,35.847873994841294,3.7832218457171196,-0.18815723078956026,3.6901440185121963,14.829711318043998,7.213331955756488,-0.4019829738062549,10.002447690162207,10.723324237205029,-3.1156504529332256,9.401531802559804,-0.1406897503649398,4.887484500530276,3.70980667375391,0.07276756804890794,-3.3432338163658706,4.6438109053197785,10.538374573953254,2.4453034256026513,1.852277619258641,2.735957056377139
20.5,12.683851361558844,19.380850854371797,0.36662335977595273,41.61770778689707,4.881297621217734,4.189311086937195,4.852955632852063,14.993877916599436,8.067674164905814,1.9225048797935806,13.787843213973364,13.43521219401371,-1.7864598649683918,10.559831012471344,2.0237235046558597,7.485817127537178,5.123610779911261,2.010964966604405,-0.6688723779421808,6.427629616485111,12.586488111973942,4.36982488914501,2.783091307330092,2.9055990239687786
21.0,14.622842533946386,21.40671426520431,1.8210712571855396,47.215138494469066,7.013383886109217,10.708154548193962,5.613224259813727,14.866214641286312,9.006288948208217,4.888380410909058,17.471336077291532,15.124784592746776,-0.08712045442969751,11.966397131749053,4.814463492053929,10.186038322338815,6.383494536984873,4.381478325691926,3.58877399274029,8.311954661211669,15.217048799234323,6.154631975333191,3.2827254846980525,3.7823293175404458
21.5,16.23761379564873,22.652255476096965,3.7152200358945566,52.651701920729145,9.065788582225826,18.786936080979615,6.909122173516595,14.553909257371616,10.21212256003372,8.212039506287422,21.30574793737813,15.681036204762576,2.6142139620522675,13.728295152879243,8.341381295902075,11.959821055142177,7.293238744819167,7.1026908908241975,8.62945844884527,10.222586275959271,18.47450492294464,7.984701514219165,3.4674781785329625,5.1142006669120175
22.0,17.62441676049892,23.03457557230962,5.8723446162450035,57.41113240486111,10.786486683649128,27.45553313099467,9.241734413040604,14.168954805328665,11.710691547738502,11.93658927384179,25.696432805233457,16.290871451972066,6.130123951305247,15.368498404871954,13.010721426062284,13.645312114553096,8.478670815386755,10.136285587740328,14.196293171694927,12.212179501480385,21.82237574211468,10.176544030383003,3.8461940983718184,6.882515435630928
22.5,19.04805405786912,23.812700064275557,8.027561440056939,60.90834224959251,12.847259476402208,36.14290832398743,11.795772969312996,13.741858817724289,13.839570347956814,16.178636570848475,30.410369073427027,17.35657330041726,10.02483817386469,16.22504347820471,18.17715122716876,16.553948542526552,9.625926031386214,13.753105541219018,20.03508672161052,13.902049297713164,24.763050418250437,12.700182514821098,4.52837779673953,8.76222760031666
23.0,20.159521381789194,25.721698346404736,10.131230776595112,63.61395328340598,14.761669033802784,44.760304920411905,14.521500269424008,13.376131487520297,16.26671184363706,20.418095882863593,34.928258228058404,18.198270871949138,13.75073926025856,16.355293656059203,22.77229149410142,20.189780968222674,10.590929794980593,17.736342392940127,25.72682328781207,15.195819659111823,27.26539942634418,15.248030687859739,5.055446281026414,9.508399719783458
23.5,20.207862578954497,28.088107840599307,12.309337078916824,65.93995540716513,16.523009882212982,53.53265509283422,17.290008743308796,13.362643936278435,18.04240065406435,24.01620998632743,38.79103482297698,18.335535338804934,16.670280582089063,16.61066943393781,26.009871417844135,24.33934707122891,12.12798739771404,21.40061153884064,31.572827002752486,16.313572304136972,29.47481604712959,17.49760405176527,5.357995095114521,10.322942748682545
24.0,19.552914601546004,30.188259683841665,14.825550788628407,67.4113594742006,18.901770316813298,61.49612599752471,20.082262896095934,13.695865329058872,18.982904332286505,26.63877822547585,41.606398079880734,18.22907364560774,19.25296192856377,16.943472958526176,28.161428641809188,29.58454442613383,14.26982828214163,24.42109656767066,37.46420825870238,17.280650110385352,31.51882970535311,19.246109848453937,5.9982693936868605,12.467100597583118
24.5,19.15890446827985,31.625636344836945,17.86630130967928,67.64058027730565,21.189434246232523,67.3951556507261,22.82920377135384,14.726933558423248,19.581829897859578,28.197477769743205,43.33429732232755,18.01036469336225,21.89550968406945,16.850022147791588,29.844969491588447,34.76478259664416,16.174591147143733,26.9936963765282,42.41601860147067,18.19711636403038,33.378591557975184,20.41836750741637,7.076203318367937,14.285156208692161
25.0,19.133199840383124,32.2906744814683,20.813906468887517,66.64596531893166,22.76605514648586,72.33409630555018,24.86032442652333,16.524107995822934,20.158051296415405,28.7128800595523,43.988477537853626,17.6051336002427,23.899443239427818,16.572403939776887,30.97728183812616,38.35363781316637,17.550924137341994,29.27698333245146,46.25188447679342,18.965983618806483,34.340621128914194,21.252410590461583,8.044386562413127,15.759540402911078
25.5,18.595883208182567,32.614924008049144,22.826655413479997,64.3720018912275,24.53166469197904,77.08074171480662,25.9397647943475,17.883036225296948,20.89909605999162,28.502461162127133,43.33995421343921,17.32344918806411,25.370492794716924,16.164671773654675,31.38364577327577,40.299926181342926,18.470794133262263,30.802360621083974,49.12761851417356,19.380227059384904,33.85939541637114,22.164821088466738,8.71053283786513,17.62829339456063
26.0,17.375109273600412,33.08695420567211,24.03822836479946,60.676175590318174,26.253513922788414,80.48863213122719,26.236407409831834,18.28636745336446,21.937354561591036,27.606668291662118,41.4567854144204,17.27373136087773,26.665315654446527,15.580768609076788,30.457773511693784,41.42525893150682,18.913804740562963,31.26397163123569,50.53793925294471,19.324766072069984,32.592334488000674,23.143749607509992,9.093424762908192,19.07504066794584
26.5,16.606225374307225,33.69669394106005,24.504941684052504,56.258703988253274,27.22032715795921,82.24185155969526,26.19702683817893,18.542780972833807,22.77149186000674,25.994719034036542,38.94240642010756,17.096348533457203,28.04617918449824,15.13881302212509,27.614440178058654,42.16182694488474,19.464246496288734,31.013707360536014,50.689984798911276,18.884154382090003,31.274249676080437,23.75895935412437,9.38642443067052,20.129035904484883
27.0,16.12192999305395,34.41868024349892,24.060756490629107,51.96938538320591,27.513723844158196,82.45621498408569,26.449115015541956,19.30566913082904,22.65414768972797,24.05902820464043,36.06454982457963,16.492732519532193,30.155871435706427,14.940730274106793,23.704739516282693,42.31197484558865,20.56302014501361,30.578282757576417,49.8627819857956,18.412885668166542,29.848945180990523,23.876896409822344,9.867168277944042,21.39894468787641
27.5,15.341733971892676,35.23038018950405,23.314951763985643,47.84751507287946,26.88534906479006,80.99529813510307,27.316142015502244,20.172550508156988,21.457185453460472,21.741250891485606,32.72664108017758,15.924464434181791,32.98605274337202,14.831354184871591,20.152666906750632,41.51351779888927,21.717395092599613,29.963683062146703,47.80070506935361,18.185145039981595,28.128248922263953,23.949333471085183,10.741071515874864,22.76135264183853
28.0,15.328253283169841,35.62655123966073,22.368240113795956,43.88010458787102,25.856121830613912,77.50376561347367,28.191174555396373,20.582805612410976,19.88186902672811,19.191851920076108,29.014644553798345,15.334250067028444,35.695463650593496,14.803033423129772,17.921746362236796,39.61628115476114,22.72713781028941,28.756252426268144,45.13104040672153,18.193246871152645,26.07733828179089,24.148594061198285,11.80468062717265,24.15737362801376
28.5,16.021531208418654,35.61369947855731,20.770429691072124,40.28917824063672,24.98667010582773,72.40214092876916,28.343764951665214,20.98079958249767,18.602596108166328,16.841241618653907,25.331634178401394,14.266194863117658,37.827838602507974,15.023435775049185,16.55004186149726,37.369375016069455,23.304588255339866,27.29559950446507,42.38671542541841,18.128826622611324,23.944634163233452,24.031741718338175,12.763251421564215,24.86036538602506
29.0,16.254197661121704,35.960293865614716,19.00111339173111,36.66200496231368,23.989714516361616,66.7299667264466,27.710216383176594,21.386997332706077,17.52340811564977,14.53007358003065,22.39460572846022,13.265025536879074,40.06659352720187,15.44084574236093,14.590336306863335,35.435867502726744,22.869922496142397,25.92398387772434,39.0676390435437,17.693863126431474,21.777195452041713,23.365037537767847,13.927345861427831,24.384663130823142
29.5,16.0162904380584,36.735430631029026,17.91030874194148,32.7841109676684,23.038504099993478,61.651861615784796,27.05130712995977,21.4414207607519,16.386123161162875,12.210645936003246,20.03891422929195,13.251878627583514,42.80054245546067,15.932555712799395,11.733091145784636,33.865850120602225,21.69168791866361,24.425923444125367,35.27417525434167,17.279335096068866,19.494125261408662,22.296836044326003,15.27218409001835,23.788708363302092
30.0,15.513972232877276,37.37821738653524,17.377543585999906,29.332625704512633,22.50290381136425,57.70930312408011,26.872144380882105,20.999755255273506,14.990116471313806,10.146170976865742,17.46659532333288,14.348310079824179,45.59537227721937,16.336831991569575,9.052655706790375,32.20080128369003,20.35873054097891,22.93868727673912,31.980816711225348,17.599377456155043,17.316382294123695,21.340974372275067,16.213415893863107,23.906377404848197
30.5,14.851405481837293,37.65396780465146,16.58361985092982,26.326059816565717,22.215851552671253,54.43176264504101,26.30246007697877,19.96484296232252,13.063315685509563,8.346821223729414,14.642311910853602,15.631085173068756,48.324392772231285,16.453366185077098,7.791580463279397,29.81771762590211,18.95063759375247,21.739318560369995,29.722515391961704,18.253161948498605,15.531931503389398,20.7595933798241,16.9286544350224,24.482361817124694
31.0,14.639682263386398,37.70161521345747,15.809797318885177,23.759737757523887,21.356396853745984,51.62353943694142,25.133003332351713,18.70462911615512,10.9139183748885,6.6866572697501905,12.092630793167602,16.074626781954354,51.00356045455854,16.218086799540558,7.670223349029871,26.633150735242236,17.79656978202263,20.994786004115625,28.476968278708586,18.489617638425827,14.216286839620167,20.208104815440606,18.171371787927026,24.582948769638634
31.5,14.835738997286002,37.526614615307615,15.526194296478035,21.702284777700385,20.072480730087154,48.79483023950243,24.227082595282752,17.654048475201108,8.960265269848334,5.238635138443629,10.32243758655539,16.352225541772775,53.49081201655014,15.794521662606037,7.60204157716548,23.426309072165175,17.159894246996796,20.296216872047236,28.019464914087322,18.465133145723623,13.115699537883742,19.54642295007936,19.702839240432393,23.63320532698959
32.0,15.0841032806789,37.31090306376221,15.183912504521267,19.619906318923018,19.392857205906513,45.79292080795853,23.845488414920087,16.527735311572012,6.891104655300104,3.809884737646876,9.034358437354443,17.288546784363465,55.44435408755279,15.245759561034278,6.876494269407406,21.49807527411113,16.920101180260385,19.43615469675671,27.790060047046726,18.245756763724987,11.764013323195531,18.929842702381922,20.620227165678703,21.993095820285813
32.5,15.315492697723222,37.61318692904647,14.52136558110389,17.273823932376864,19.240133567945502,43.106855815404955,23.644771116321248,14.886759416673451,4.195381562900097,2.3388047647706007,7.81312060837253,18.06162638451586,56.57186651827313,14.300371447055108,5.407218556003874,20.581785167727162,16.795291726694202,18.619847349693263,27.10972825792203,17.867829426824112,10.112308542641513,18.400311524464673,21.15602278251495,19.468790064142
33.0,14.816445710102428,38.29136934472113,14.150717567955729,14.838083325486528,18.690311913124372,41.21821976345168,23.581974759620472,13.205169428855932,1.2036369229776238,1.1875327591946805,6.82624776256679,18.31154127721942,56.802970379887284,13.282420854794186,3.884740986225171,19.145412814764335,16.383163312732652,17.759439585241935,25.828077576199178,17.642232273373146,8.405716608219027,17.685139799098227,22.333523363374876,15.97571740365659
33.5,13.704935595396467,38.88979819686837,14.684552644364775,12.43575097128508,17.806951197482377,39.95091471490746,23.684023621549347,11.805119509112727,-1.4972504407531853,0.4269661315188888,6.053548964935358,18.797000196286263,56.301558621901215,12.646833700848461,3.022448033400864,17.919436486898096,15.839953403409684,16.634393782656765,24.67295273702366,17.258772089033524,6.817411225215608,16.61605701466011,24.12247527706586,13.109935179714883
34.0,13.115461331851467,38.99260577634483,15.640642107048228,10.122840936213194,16.8156811715268,37.87779607459487,24.013148109399033,10.134620720456015,-3.7986451803611585,-0.16024160109432217,5.219315972590594,19.90322628828633,56.306318123862724,11.878358280288724,2.4635168257848226,18.179904486074324,15.460269084653836,15.27905970024597,24.06061979022224,16.55115559889071,5.543930488080524,15.387453372958982,25.810344055129697,10.554360135190617
34.5,12.991022762361139,38.38947300759284,16.049597336126393,7.896365637397447,15.327595939158407,36.05748362244415,24.430065761687185,8.110066200025111,-5.58100135238836,-0.6993821740474053,4.490716780324001,21.239079826849718,57.04242458233546,10.675105024609826,2.002618401828084,18.449307431478847,15.045719813107238,14.08129619069672,23.496620861564168,15.851186738996379,4.577181465200324,14.37481300190668,26.8627959840938,7.0234092674916
35.0,12.498440698955612,37.60310137092253,15.696083817971797,5.679619771351515,14.07848247430703,36.45069202423785,24.300984310797155,6.258717937466981,-6.9427378312695875,-0.9446825752277075,3.864648394482117,22.266418273441143,57.395158120393425,9.64659972731458,1.9994795747991105,17.67709226931958,14.533100796815345,12.968105378719837,22.780729631326306,15.21601261465267,3.794339451899215,13.84177280327631,27.346807892233088,3.847631225116074
35.5,11.279693099214407,37.281151315666655,14.951809257756409,3.600894514747316,13.710982735450605,37.6729936898773,23.77843866887938,4.608377482185302,-8.110120148018394,-0.6791798559336573,2.85863014315555,22.620832949853565,57.72599930228276,8.929030536094064,1.7036752543285183,16.62197292237706,13.757445551131331,11.492025812841886,21.94539507229608,14.443759933699983,2.9493516758672342,13.636071531452924,27.518392544359273,1.8589729834974158
36.0,9.745600986339577,37.174358232546055,14.014761444693988,1.8216861313667054,13.471916993579626,38.40518353704776,23.526967332439362,3.50165071033509,-9.23469597312096,-0.49991288826802666,1.4328385401800046,22.050930311216238,58.62716282786075,8.429881752277685,0.12828936986951012,15.811301261808962,12.878497505297007,9.989340433319521,20.839812330266653,13.67366911211402,1.9724359440978254,13.4953615428509,27.42840765450526,0.7863656486275177
36.5,8.448520007084921,36.80994254317821,12.52246495435104,0.5085916246104494,12.57605739106221,38.085301273982445,23.681132220636382,3.1608624593593477,-10.603156194584066,-0.7217073711774606,0.12207633312468522,20.829438900232205,59.96507147858781,8.441792177365326,-1.82993883594939,15.000137511942294,12.395060657552648,8.835097151664161,19.98657981681383,13.030096937318325,1.1123041086388454,13.22788785202392,27.33793257776041,0.4601665656834316
37.0,7.3040408905912235,36.135497690357475,10.68486169801295,-0.24199156874958846,10.648844226442234,36.550308608094014,24.294848247435926,3.137213166603558,-12.271066045974186,-0.9838237625239471,-1.1412914975560031,19.364231031785536,61.596327156766634,8.577707882636206,-2.5974852925851004,13.965120318887996,11.849678315039323,7.682851351912789,19.43490487547065,12.373565186755663,0.3024894462717342,12.923324170521441,27.522002705063848,0.19768216738912386
37.5,6.37557633871722,34.83171013995024,9.414676819016204,-0.8189935350693387,8.095719841661742,34.21204015817526,24.867456453801584,3.0936614287752096,-13.888849626351496,-1.1810960696703605,-2.56112473600606,17.196342083229958,62.94250050526371,8.615796486397176,-2.8048646580110335,13.141096431473498,10.8644236355433,6.313838514374736,18.309510571909943,12.17123672011893,-0.6556249114610855,12.740023540460047,28.112223663208024,-0.536303289765157
38.0,5.810173103214879,32.48772062927197,8.517971805616195,-1.6549784326108414,6.072175773399082,31.203059256594564,24.35743020659955,2.816338050338354,-15.076989144339594,-1.4528405317866822,-3.9982190498174655,14.201684140180285,63.77920503053906,8.935484887957665,-3.4035083325458744,12.766504668062124,9.614960623012367,5.3346434374883565,16.847820268450686,12.364939480389912,-1.7653808052737274,12.25706523946246,28.65330936876283,-1.5953952153147388
38.5,4.8783693653785445,29.883426979612658,7.426854757815412,-2.8782906136527187,4.622901436619445,28.29474466014922,23.1692842506782,2.9688350155518535,-16.031988271825263,-2.035409902123157,-5.557646384300726,11.49157889844109,65.32574337788327,9.42663787637969,-4.7390495232647805,12.497255542741147,7.817444082247417,5.079079118443572,15.783790157691437,12.198207140983921,-2.868468680400947,11.386579682824873,28.696345591199073,-3.016734243187371
39.0,3.2868023946743676,27.846650279569612,6.205168757146447,-3.9866555003329935,3.2243779811334288,26.422074817069866,22.176178091431805,3.9831590508773576,-17.0603021905495,-2.94738861415131,-7.209080523631562,9.729361543965993,67.83990648419827,9.74146642206002,-7.047046445508764,12.097123662509999,5.653065349271705,4.880201614583099,14.76554386226576,11.51553429365573,-3.9587712204270957,10.658041061360905,28.624380107840445,-4.938337567108704
39.5,1.6494938317310675,26.348040571303287,5.142692514681438,-4.398522703170379,2.079642999851356,25.16326473260973,21.14485986431547,5.112828386002784,-18.315786991322444,-3.852521136022351,-8.807047830536598,8.213690758358386,70.46190142012276,9.554175462944176,-9.706437111321634,11.410492059270297,3.81478716448907,4.451193793528523,13.321745548506009,10.579196480168338,-4.744193042283238,9.966575555793925,28.309430822402824,-6.641612637907214
40.0,0.390733567349822,25.464384064444733,4.449674594920161,-4.579363131817529,1.1209026414787409,23.56875191313561,19.546769883377173,5.8936089342374816,-20.01560390093141,-4.881308246253208,-10.39146367726715,6.4807785967352345,72.59118483555412,8.642068083635719,-12.06326399171379,10.05328672761536,2.2551509302041888,4.520344656440597,11.782924672599787,9.646622921814334,-5.033450434343796,9.159864471600423,27.444000652608356,-8.272092847962176
40.5,0.07492140732619094,24.838596615649234,3.8905713858751696,-5.1300345457991865,0.23321311437454023,21.49002677374968,17.508764233038633,6.596375208689846,-21.932901348247537,-6.3816634483367025,-11.847025867967048,4.937049739094337,74.11820306748663,7.331861939163205,-13.469275861747493,7.901505769655784,0.9423102380573003,5.350317751745567,10.364209060277416,8.572365810446955,-5.329743064337292,8.184725577853403,26.51974248508323,-10.236774698511127
41.0,0.4869076002828026,24.052678116074265,3.6262904836686167,-5.964109626755181,-0.4883381871961383,19.042052442810228,15.743721528929703,7.481353169259561,-23.620034448616895,-8.029672252604927,-13.061038421136669,3.553527011000755,75.28203951041277,6.3062900895784475,-14.381994120221869,5.367603660371462,0.16725218345376858,5.741572069957964,9.166460975972377,7.26506559685598,-5.859153007283014,6.887518172949313,25.69090156335495,-11.628637446232645
41.5,0.4546603763098095,23.1397568002596,3.606867248760778,-6.844399129636845,-0.9692678152440345,17.061419060127164,14.748131997432152,8.13579169231285,-25.04060022585136,-9.48030131063175,-14.189085405223253,2.4858915267412067,75.72922794672175,5.819188728900108,-15.783429760131996,2.963985800782645,-0.46438800758600707,4.832331262767955,8.444820250677076,5.820733498253531,-6.7388939581822145,5.353331835442274,24.325949521413236,-12.250477812595884
42.0,0.30017942075526854,22.35398058541785,3.235286734642502,-7.796213627992099,-1.6020113404828593,16.66019418566457,14.280774496606655,7.958342719461605,-26.541304282878315,-10.83600613982904,-15.310321874854104,2.1663530190467757,75.19507191867639,5.244624495070405,-17.256714843348743,0.7033896647978917,-1.324501633089672,3.587915267157792,7.827078338205686,4.309535398144267,-7.923960793357266,3.614902019046735,22.496853675392778,-12.712871099894747
42.5,0.5907957446541782,21.8330606686779,2.703501285572984,-8.936924655577828,-2.6109264036729654,16.793845923602586,13.700923473847334,7.666893001902059,-28.00947713839731,-11.856653840324828,-16.342743322491874,2.3152394224158046,74.00108777905321,4.166992311607567,-18.089399730108177,-2.035309113459669,-2.262581631145491,2.980724248389943,6.939457554014287,2.960943875267709,-8.828134573168862,1.650159873783278,21.414868017740933,-13.480817626716075
43.0,0.7378778793255334,21.03422658782203,2.4153425936909247,-10.042049610483705,-3.6363950736825164,16.572240184988623,12.700427209118676,7.9113088936126355,-28.896949209256775,-12.48920430279496,-17.185643344898352,2.4636580446268233,72.37806460989387,3.139749424941906,-18.216307399141456,-4.803877499091005,-3.0388584046646825,2.7162934797721237,6.0807327808442775,1.601850526101018,-9.01422334909435,-0.4965820355812193,21.337325820019082,-14.819589554729706
43.5,1.0437224945566503,19.814950899280937,2.181898503744538,-10.903051407083776,-4.08641433963126,16.48106615146021,10.940091072823511,7.886396342435919,-29.314682173532166,-13.080434550788764,-17.803866510491527,2.2316052587299544,70.39167232426928,2.3610414834686027,-17.857429213435367,-5.813337493625619,-3.5562605042352335,2.2540571116908144,5.323090409900414,-0.0040714355189055695,-8.707651062267486,-2.497469191523215,21.17851524381725,-16.192983132880922
44.0,1.652152741129923,18.44083778708286,1.6706334354034886,-11.741806397073946,-3.801375685183567,15.970781049192121,8.709017018084023,6.9943411473184804,-29.785813682872195,-13.637451252524526,-18.35918722812612,1.8870847334925867,68.77912658607026,1.5026225356056393,-17.641379522623417,-5.023875224972443,-3.9024249679937384,1.438054472346613,4.323620260964713,-1.5740296245183827,-8.384619586574582,-4.065920834905422,20.37146603620252,-17.48536411091286
44.5,1.5608311423523924,17.367441560425476,0.9345950016094311,-12.949072388660467,-3.307114018256409,15.297269798100535,6.756158552905543,5.854724794663349,-30.41892975530286,-14.19277764101436,-18.975878000161774,2.233190272208921,67.68733347486999,0.8759662134287651,-17.739048349465158,-4.293947149036783,-4.119980150083516,0.4326682722331559,3.07959798392733,-2.8496754152522645,-8.171460391068171,-5.337034608913301,19.268582633518683,-18.610471667649456
45.0,0.648146435053651,17.054459229460903,0.3119933794775454,-14.591630645334396,-2.552701393212977,14.734338876610886,5.49621451805596,4.835767154436234,-31.113931654627294,-14.604502841647706,-19.746418844880193,2.7737731974864,66.5138534982191,0.8375823407392321,-17.874846247678782,-3.9765736416748805,-4.419704458897638,-0.5901568578176923,1.9090578091252448,-3.738727623874995,-7.966946788950897,-6.420171805883483,18.283011431596172,-18.747281017548538
45.5,-0.17268493825271197,17.355558046843882,-0.077851507619083,-16.40742554295122,-1.5411661387354287,13.664464264804183,5.1938632488572525,3.2121599563453174,-31.727367891877467,-14.801344167298105,-20.750828414858898,2.1077323800975583,65.58532987423403,0.9777380346408401,-18.279922733085247,-3.579292226884052,-4.809455882276412,-1.5648535303707565,1.0491228369771624,-4.155618274348202,-8.014031145091504,-7.317584553764852,17.32792639762147,-18.111577719729404
46.0,-0.5433010496142263,17.749812294231372,-0.48354885168154554,-18.000128760291577,-0.7608998247874543,12.099122649601245,5.349293562798278,1.2706679539337347,-32.32402766954972,-15.199677747109922,-21.693035213630328,0.20264737392676052,65.15762629103001,1.0953228658586067,-18.68050472774001,-3.4427822627158373,-4.798413311244205,-2.294151412037235,0.7059901584780216,-3.921977998385024,-8.35027729479385,-7.916833852077295,15.924925710536677,-17.333749887073935
46.5,-1.2725329541026738,17.60338302332156,-0.9647462874810028,-18.702566074224894,-0.4048344831814949,9.85211826384687,5.8792167411391665,-0.13147288838367913,-33.0071240467149,-15.746395223967939,-21.979357001445837,-1.7159276666928664,65.03278159090891,1.3452663813331205,-18.566796702444925,-3.376529572324987,-4.461107476278234,-2.8017618267857034,0.872231732440696,-3.2423006429220607,-8.717202688305369,-7.89568037888848,14.439434301789394,-16.74401049572901
47.0,-2.621571241702713,16.614411717918827,-1.3731395443751033,-18.7209606449139,-0.09270777143985101,7.83403539827636,6.99322306096999,-1.2593220013989204,-33.64864955047302,-16.071433958324242,-21.69203172020149,-2.9887054439743768,64.99429488676829,1.4784458617467375,-18.270493777756663,-2.6690813178535633,-4.128734682021855,-3.2122373738716714,0.8694075761527763,-2.3403047697207784,-9.107786367380223,-7.301321207301447,13.711287555984692,-16.749504049655265
47.5,-3.951406733145316,14.917172372420868,-1.8200375645280538,-19.033548429401794,0.6812596052960395,6.9600343490059045,8.000542807809088,-2.5624164659937017,-34.40238294801859,-16.216218971881982,-21.31547052303632,-3.782730357345142,65.10236100735072,1.5383256185198249,-18.49242148844653,-1.2808084651379028,-3.8808516564839306,-3.26315252803461,0.13974304470172458,-1.2716447557789743,-9.511901882906866,-6.78443508833258,13.772592179081236,-17.05938443342467
48.0,-4.754043589585695,13.016392118863891,-2.558216830154303,-19.71744813889967,1.6282367833588627,6.504664661493935,8.34939141745829,-3.8393402497300975,-35.25167787476884,-16.359677714371813,-21.109282262328446,-4.033892344636467,65.84220532946854,1.827007537162928,-19.167341349367874,0.09099639066081508,-4.085105026495387,-2.9275124037608946,-0.8551560750473729,-0.8764824685497313,-9.97561268513951,-6.546722236148017,14.259835281351718,-17.176999876284064
48.5,-4.967669776839086,11.81120298893067,-3.518240947003725,-19.91665033150348,2.173892654555643,6.044883651619006,8.147973040328205,-4.313515205451067,-36.07271683636843,-16.524658518890288,-21.272954322403738,-3.803292286539999,66.81699255490537,2.0180175028984793,-19.63140075411649,1.0171789565060536,-4.5661576562126776,-2.95791671004862,-1.8681006122185813,-1.4277689316931155,-10.392782769594008,-6.036655755745632,14.459503274605742,-17.228316933721054
49.0,-5.116500976747924,10.822201907498863,-4.295989591197204,-19.403532353500303,2.6741067747975147,5.698444486861044,7.408821936145749,-4.419776976013576,-37.10662205441983,-16.740086855529967,-21.594773203470826,-3.728217142690258,66.6556751997999,1.7208800161179554,-19.547830975615767,1.6542900121384962,-4.536709554065512,-3.5354567509070955,-3.368821565147575,-2.4230961906789914,-10.76201449576606,-5.107308706116027,14.430841528678625,-17.719791260215665
49.5,-5.251969613410827,9.591198568231317,-4.246724755658091,-18.964288278728496,3.3369677643470976,5.210148803991441,6.133964428924615,-5.433976491334692,-38.31868572242702,-17.09788091628515,-21.628992257246114,-3.94672036761962,66.00673973392004,1.2066832013644755,-19.011074610920115,2.2055145308781814,-3.9317782052246493,-3.9784602308036723,-4.976483970072911,-3.6105454913413997,-11.045280413248616,-4.41949547646405,14.759524929075226,-18.68594266452785
50.0,-5.341325392350659,9.117294699627893,-3.31978030135286,-18.996121350060463,3.478987630981299,4.630161408192777,4.6629550721242925,-7.243159684862767,-39.40294640496289,-17.665923109942174,-21.620986433250327,-3.795455180427954,65.86524539816472,0.8416615852608748,-18.567690135219667,2.6159675992207014,-3.2982426224576478,-4.202306697706015,-5.9605670046054335,-4.559547599808826,-11.381912557678856,-4.394269083258044,15.20570972475244,-19.815951633840946
50.5,-5.955004258083423,9.23138869082843,-2.389517102732179,-19.32013690596167,2.9460419251203236,4.06612685648851,3.1481022547601634,-8.824543933726485,-40.33804836859007,-18.176883667845438,-21.81113391979923,-2.7614834303056264,65.6556087860682,0.645965842255025,-18.399958178474137,2.316743965222903,-2.900722005962324,-4.619279550968587,-6.536957346517761,-5.271384945120084,-12.172710873260018,-4.779693978374782,15.613495395573326,-20.312055878455837
51.0,-6.939180881629407,9.190565208955228,-2.2804242214277175,-19.57827096476099,1.8258691539964327,3.4010993840831802,1.7765082190582508,-9.663965123805621,-41.16932337725109,-18.222913192878778,-21.854451278029238,-1.2807017325842018,64.93321654845482,0.6946296706858703,-18.401802081650374,1.35865033612288,-2.789256617684225,-5.512590304548274,-6.948869942861225,-6.144305763262887,-13.377834354403728,-5.257013694853854,15.994165685782864,-20.01591930225065
51.5,-7.56983895758346,8.997438879077635,-3.0509686030839274,-19.374363849893587,0.23907296841389775,3.112230415433316,1.6215047093032726,-10.133655284027242,-41.88290903240557,-18.06540773924295,-21.70995265751629,-0.07420355028256886,64.15139510782375,0.9086833024425814,-18.69560550056209,0.43433281415177954,-2.829800715824094,-6.526221040279028,-6.991220126561948,-7.17841923568253,-14.735247662268229,-5.807001521238871,16.23986766229781,-20.125495093072416
52.0,-7.584612027292325,8.622689913986624,-3.9477973973081224,-19.04305865268294,-1.4857269867721283,2.7377317284510796,2.3872405400527574,-10.701841126691033,-42.52792137808308,-18.238597853834285,-21.56090758396657,0.6081993711749503,64.31170668695006,0.9617658504856701,-18.8234096181868,-0.4304147440187509,-3.020595665925866,-6.914226797803079,-6.944414704176887,-8.255533548198143,-15.445733480718992,-6.5594387086297266,16.57619348531267,-20.911802228862157
52.5,-7.382210451556469,7.765057661540032,-4.546859292160189,-19.31412215485093,-3.101661067609808,0.9395491474813237,2.76545170672523,-11.138640067621822,-43.09792550689143,-18.811941453019315,-21.75640398608068,0.7163107312961716,64.95555900841121,0.8982663971847703,-18.51546322718816,-1.2612085294525666,-3.6543701092437404,-6.741749282882777,-7.093092010907503,-9.282911211078297,-15.273242687372106,-7.271479643567138,17.117874879154158,-22.01925313269067
53.0,-7.431432404992045,6.8724370306885385,-5.303201662472247,-19.898428065193798,-4.526950421785322,-1.6853637962445158,2.763970130332103,-11.326273019221684,-43.64201002124169,-19.695988373127474,-22.459226724730446,0.27595630631161716,64.96473835549934,0.9192732610235992,-18.30640012486842,-1.7016799314858877,-4.482712237521717,-6.550322948294906,-7.483106054676136,-10.212313340266169,-15.083642998995836,-7.60532716026064,17.74438866179395,-23.387746007166967
53.5,-7.760999516075879,6.94327985275217,-6.323982886630027,-20.28779378478231,-5.7757679987292985,-4.006627026245006,2.2173841813043853,-11.600733135881093,-44.115075222068796,-20.42294650100697,-23.09102852538842,-0.43205096571255597,64.37749309930736,0.809302035301212,-18.433356794674637,-1.4232969098447619,-5.304432662295111,-6.259848584762652,-8.405173800671898,-10.95395537644993,-15.326146221231328,-7.887893567563846,18.335448464138782,-24.70892279218996
54.0,-8.594219598817915,7.667282889114406,-7.169675385665356,-20.713579595985426,-6.645826329235114,-6.040405337193361,1.1258173787334065,-12.116497585571882,-44.503376494033205,-20.532963122690564,-23.292651255825753,-0.7297703589696183,63.75403904633967,0.40451811429041273,-18.972276409472087,-0.5120457038522043,-5.94296520315599,-5.779753340918655,-9.625106917789576,-11.389278749162104,-15.825531856769016,-8.574070527219469,18.447769834858676,-25.728436145842743
54.5,-9.643201207724386,8.307495866141744,-7.807141091858565,-21.408348926917736,-7.323001907418799,-7.993477624518597,0.42210702357002267,-13.022734244824802,-44.83325079065462,-20.335502345156602,-23.350444215569418,-0.6052779013497918,63.35347465788501,0.17680696696999915,-19.819682547848757,0.16984469173256936,-6.131112296017538,-5.403788745873551,-10.674335003278896,-11.522583302923437,-16.3515494166146,-9.40888480503725,17.978347996269765,-25.97039776778084
55.0,-9.940101364150822,8.789173826043426,-8.058187098170016,-22.11033748231174,-7.882827112610167,-9.699963145231747,0.797252298815893,-14.324222492195473,-44.94291360182018,-20.282810248061036,-23.43682837707068,-1.1237581511753543,62.8379249358656,0.15771655932800363,-20.422183731125035,-0.07614874980302017,-6.1711001123596345,-5.130194332693016,-11.520290676041459,-11.350821586739016,-16.62302300246269,-9.954605837331862,17.283967967403754,-25.68081775636592
55.5,-9.57340583441879,9.210870264853309,-7.506395056973232,-22.434638733987857,-8.061286678207725,-10.745373124379329,1.8226850030885247,-15.469099254491349,-44.97228615427592,-20.612260635221105,-23.365844471466836,-2.9771577817377626,62.39093197354365,-0.13659269363578824,-20.635042504752196,-1.087678483467353,-5.6055834818210135,-5.0552869561958556,-11.906165744946989,-10.745159290571674,-16.51842069474362,-10.329633955692763,16.65078571647067,-26.24848359511211
56.0,-9.645584022236214,9.808711381224004,-6.581712666364266,-22.354045761475867,-8.310899636882159,-10.931239197742624,2.9215625058302357,-16.012826262599514,-45.21570221249904,-21.318208414533753,-23.153124460584255,-5.046782972595739,62.48769011282957,-0.531703931765343,-20.509899759276745,-2.371947374670961,-4.316152991735792,-5.349719413687289,-11.474446744384014,-9.714072454210575,-16.37492015902943,-10.51995395032579,16.222747652238304,-27.366830933120674
56.5,-10.62999474438272,10.052152753278671,-5.960573991764851,-22.183506925195605,-8.869190163943257,-10.373701306081145,4.2580991603104374,-16.14678569087314,-45.57689729322722,-21.81026872900591,-22.965608958869055,-6.269328934364203,62.63419349178013,-0.6962079180380122,-20.44592629144268,-3.2322104065154913,-3.507607897266989,-5.637120846022867,-10.600843999738139,-8.598628290528337,-16.361121181500923,-10.351693007674621,16.368776831486333,-27.706342112804542
57.0,-11.626923321804776,9.4396990130358,-5.7350272952642225,-22.253712054333068,-9.45888757547692,-8.962112231723298,5.45505751790538,-16.43514952500408,-45.878912215071104,-21.65457066004625,-22.717462341453036,-7.190518049045523,62.542856984574705,-0.7623649792338465,-20.778262750388105,-3.360905281513974,-3.30619801178144,-5.464769593301794,-9.638126405077616,-7.727932816242513,-16.295335701865522,-10.31394353189164,17.124253415254426,-27.493620097398246
57.5,-11.516340595230414,8.66239822685343,-5.313476890692906,-22.3487859132866,-10.22659712526941,-6.970584966518749,5.838455050633142,-17.034979955259267,-46.16653838560926,-21.25141213921705,-22.34259445901896,-7.921158590961051,62.42092989892535,-0.893127132063922,-20.913189888971498,-3.454447566932953,-3.438519990952592,-5.081538054240683,-8.868022241457599,-7.469241391779861,-16.07536910588565,-10.61008780306154,17.801882407245305,-27.067319150957456
58.0,-10.22494042091314,7.764498423717377,-4.23433597720717,-22.202444692767134,-11.20152322128023,-5.221975602817881,4.953153945052911,-17.72353055399391,-46.50235052414007,-20.855978676668077,-22.010179731182433,-8.300056783475343,61.89480889236944,-1.0420427251170432,-20.587355511468953,-3.570654203386184,-3.937681661285091,-5.16995730625452,-8.542896638009472,-7.758211035438058,-15.839849399558405,-10.747156831787274,18.10454734644208,-26.606462748944487
58.5,-9.015976022881778,5.86387332463227,-2.6140982901264564,-21.81676491456209,-11.73112946661899,-3.854395594901436,2.9188811646688007,-18.432616849399803,-46.967040847945874,-20.515046706525613,-21.95378433741446,-8.61269273080323,60.38605339612227,-1.1913151626374674,-19.75456738434819,-3.1388047266683192,-3.89495129763779,-5.946067753663298,-8.444130508961324,-8.138470430096266,-15.874586226205363,-10.745697402679824,17.73582962464698,-26.670369610454415
59.0,-8.766460314788374,3.107593290956651,-0.9882103444760513,-21.35694350825377,-11.489981569926734,-2.0647353565601807,0.9780322701828221,-19.475867170603173,-47.55976181922511,-20.479366114027258,-22.269289288314507,-8.648345475827155,58.17189428501562,-1.4070182882531728,-18.37275555633228,-2.6835867313645694,-2.770361060786469,-6.995535304970197,-8.24562408584246,-8.636694196425255,-16.118485557869622,-10.943001002238217,17.238453078232574,-27.36116718156595
59.5,-8.65554106157786,0.7033902121276446,0.14205197608174702,-20.841032218797185,-11.265658667858004,0.23344364040035365,-0.47798067503386976,-20.78428216847496,-48.08173299469534,-20.767435330528766,-22.561438542061218,-8.346883679660115,55.927251108508585,-1.6101694457754707,-17.013504820725064,-2.5477402828110356,-1.5948565183541719,-8.249161801250427,-7.552652299277081,-9.317777156475488,-16.196420833898475,-11.386896655240665,17.395930492419378,-28.70162427671577
60.0,-8.352480006652518,-0.8152247988384136,0.8517577701737054,-20.163792516934116,-11.652426142875893,2.217425581582552,-1.892598506958636,-21.429529722061627,-48.379485190997265,-21.035820173196182,-22.752087419871025,-8.123567053274606,53.855804088401484,-1.734019171794545,-16.31163823458424,-2.6609979945526714,-0.8894826996063298,-9.976838597137395,-6.613095862730482,-10.090830183425885,-16.11743616790314,-12.187229501908135,17.752090443985036,-30.300464711109175
60.5,-8.127815085332243,-1.8882726940460615,1.0048026142502633,-19.585731949266282,-12.275127024709452,3.5394473470624,-3.298427011344927,-21.44317411052142,-48.43088865924674,-21.03939121496795,-22.945245026546406,-8.131685169596366,51.709575736434985,-1.7761408498642923,-16.223994298378535,-3.13291496131124,-0.389681355601936,-11.442070511552446,-6.214291659898517,-11.1275217432457,-16.089247393432284,-13.113725445872987,18.350470761548156,-31.109583173697473
61.0,-7.652489986590018,-3.2693389097059455,0.22063209082717267,-19.30773387706524,-12.685824621283398,4.1814079207797095,-4.424943025823898,-21.841548942802195,-48.43811887685401,-21.006857848495194,-22.91709826780655,-8.461525368349212,49.195051206111835,-1.649153540154008,-16.28681360118935,-3.607747862177687,-0.16444603314642028,-12.153961067007698,-6.724207526267257,-12.420439776443079,-16.02785301568957,-13.727114640631942,19.42598881618723,-31.593262962403678
61.5,-7.348441196141887,-5.117444205778141,-0.8641017957886584,-19.459452285191926,-12.86637454298853,3.987583335843598,-4.772090290049275,-22.618713829029915,-48.563778885907894,-21.275625464426007,-22.89830480279837,-9.165501261044671,46.76776110468933,-1.427707242552612,-16.310499347858453,-4.183815240340261,0.031163318632819723,-12.837024308786008,-7.701176286425568,-13.713369803575633,-15.679104389375722,-13.995422447488485,20.648768756571748,-32.898494924978586
62.0,-7.808743466985187,-6.9037768317795605,-1.5629167502410892,-20.231725370534708,-12.883943021389664,2.6815149451221405,-5.311814525035549,-23.23143303670868,-48.682915336822376,-21.81559805694845,-23.223875360660454,-10.022409375902935,44.5913483634916,-1.3003173531192251,-16.277697522457395,-4.837059942853243,-0.12439765263970709,-13.568771795472681,-8.3071817231856,-14.98306462870709,-15.02547791393927,-14.064535175812843,21.83538949800378,-34.79352132123672
62.5,-8.630116398059394,-8.09108616089661,-2.2703173425495558,-21.55700289309268,-12.72917440698942,0.619138862661709,-6.167558321777916,-23.540817826327885,-48.625234659763734,-22.322196839199066,-24.07350425838512,-10.636561882413957,41.72484893523498,-1.4155189371828438,-16.282233250612116,-5.081020542790527,-1.226290207074992,-13.888537270682738,-8.568524702076433,-16.06159462519124,-14.582509611236688,-14.000002942716042,23.155024174369675,-36.72419917945329
63.0,-9.47569395917199,-8.29620015180472,-3.1943307789732565,-22.75309714432642,-12.542820001237613,-1.6016576140586518,-6.460443798693345,-23.51998760357784,-48.49403868828956,-22.491325772582996,-25.369695951256034,-10.775018824678272,38.26625595853964,-1.7698736686245435,-16.60695501326041,-5.052720530245506,-2.5332798969119743,-13.799317713845305,-9.43164778660253,-16.938314052298033,-14.691727225183689,-13.921072237364598,24.746186363823288,-38.405525558808016
63.5,-10.401664688424496,-7.689666624800311,-4.05730148103459,-23.521634494023367,-12.413270124190689,-4.038908874841031,-6.867688940383219,-23.332823208093,-48.25261070036349,-22.138483061572778,-26.510297672916266,-10.936891158759344,35.01281146186537,-2.3308804291780705,-17.3840554891268,-4.638494643234726,-3.447261387191906,-13.2879125705117,-11.169205875120689,-17.920857082740525,-15.135327036402424,-14.218302152886018,26.314162736064734,-39.74446548564129
64.0,-11.28018134638311,-7.070006299872517,-4.594472463981235,-24.147604926221284,-11.836987272622256,-6.8442298578407135,-7.166083869053079,-23.02774556356452,-47.82043455463583,-21.56282312532342,-27.149829720780644,-11.493831969188566,31.64640282481801,-2.827905715519147,-18.560802713136177,-3.7846614629578297,-3.941629554324721,-12.748328396489498,-12.903801621148059,-18.826846375136356,-15.8680557091186,-14.779288431928562,27.267222364607942,-40.621212492070526
64.5,-11.698114894993244,-6.893033794766106,-4.802276568329885,-24.465535088773454,-10.798485542710521,-9.620895748549438,-6.727551787928507,-22.418147994689892,-47.42711483017157,-21.09890736779945,-27.586096744957807,-12.269334740764329,28.03268149307792,-2.8573042355155107,-19.87826983901659,-3.5232045489142614,-4.064483251885813,-12.703426139181069,-14.185992792670207,-19.399323519987604,-16.70379219958113,-15.07770653071102,27.72918426549262,-41.28019613501562
65.0,-11.72835703201998,-6.993430792915295,-4.634025259833805,-24.361217350788145,-9.798816923428143,-11.173578760839888,-6.200058477278313,-21.45845768621589,-47.32936133351125,-20.673076764801944,-27.957277913604507,-13.219106572041467,24.74559077318679,-2.7495379538078755,-21.219443406317616,-4.333777463982649,-4.059512467006613,-12.970941216673495,-15.03374444185081,-19.56309898675763,-17.20903171774917,-15.038562377364666,28.22511499257763,-42.653683795165584
65.5,-12.166906234151677,-7.089467155566343,-3.976265865728989,-24.273267845237207,-8.761085471499747,-10.890573337132885,-5.924715304440406,-20.169941405548652,-47.45549728244845,-20.183130291800165,-28.178014807519194,-14.20776303918129,22.062843119954415,-2.7632429643997605,-22.42067442415059,-5.471355088320931,-3.69298873613423,-13.435059711981541,-15.155111641159763,-19.38485667494949,-17.615886761818867,-15.001766932187309,28.767390508935783,-44.833943888515236
66.0,-13.455006495887991,-6.851062755745088,-3.1857203373578855,-24.456502875880037,-7.845724531709941,-9.883437690421331,-5.9467438479615975,-18.861449355970244,-47.47351637922447,-19.540661195779446,-28.508604658197264,-14.596554294583774,19.766230811218723,-2.5412946433425505,-23.19572994392127,-6.102046617463869,-3.4433898537012935,-13.81708039334168,-14.657169271036754,-19.15751439008449,-18.226381316998953,-15.043797249815578,29.111625218357275,-46.55534863171589
66.5,-14.970620290175082,-6.417156842346951,-2.517589860285899,-24.37149028209317,-7.162045402445093,-9.584218325312905,-6.2951294279462084,-17.918521648694224,-47.067548148389804,-18.795757449885674,-29.05488716309972,-14.351532431391044,17.598057115699717,-2.090129136803551,-24.26274380455082,-5.9852209077786895,-3.89790448094837,-13.676907944961668,-14.191404967173678,-18.904398007055214,-18.74357601712535,-15.069487277960064,28.95962519916075,-47.203160503843236
67.0,-16.083239145326566,-6.26254414069652,-1.858018756212382,-23.574294673050222,-6.719384694771923,-10.225738004094438,-6.939932972621323,-17.313087064998566,-46.14800283432972,-18.343101651326062,-29.433831444460782,-13.872935260520732,15.720783475844001,-1.90155027597213,-25.712783529230883,-5.68592767145072,-4.323435388853973,-13.31242646263242,-13.987682641192524,-18.464855117035782,-19.01357757013481,-15.278372828584464,27.99955925746886,-47.47302038547011
67.5,-16.74060650680272,-6.208299326937753,-1.1147268703383666,-22.398317910576637,-6.78975623169061,-11.224944927515196,-7.637894239801283,-16.868945197562766,-44.88505273121988,-18.364466561936865,-29.489896524873522,-12.615872408688567,14.15104259281546,-2.290346237546286,-26.267475648167927,-5.969001545780717,-4.553018415706696,-13.383436991536747,-14.14025651825639,-17.9190535338072,-19.132411883717293,-15.519971269468476,26.471161038840624,-47.85111346355809
68.0,-17.39621109549162,-6.27697670225262,-0.5781310443789903,-21.277613987154876,-7.158743042693413,-12.350835683808917,-8.102535382860312,-16.34291872385244,-43.47318240374776,-18.502383392515437,-29.572363553163278,-10.96196582903746,12.5869026003854,-3.0778790619234164,-25.96021324810586,-6.535249591993673,-4.863762429134297,-14.198320646794285,-14.604201419825394,-17.320265436624194,-19.364573289829693,-15.515849449121612,24.915490300829337,-48.2793456357074
68.5,-18.26624296888369,-6.551086693813204,-0.32512685137250524,-20.364867786668697,-7.320949132635183,-13.42043466552267,-8.204651513975161,-15.421434521790237,-41.88384533880905,-18.685099807203695,-29.94370507225315,-9.874112454753314,11.035169715489467,-3.874576564055657,-25.621390033749897,-6.894297209470952,-4.611673315175871,-15.347181658473309,-15.13925428920834,-16.738096738444618,-19.738133144036755,-15.540806652209595,23.291594860690715,-48.993019077578495
69.0,-18.631006805327413,-6.375083134202456,-0.39000030682571696,-19.44570416601829,-7.12076724589126,-13.752265778241316,-8.161453580370004,-14.525326666857016,-39.89253773567931,-19.06061055181299,-30.385116516001634,-9.158650157711984,9.812854944317424,-4.450902079952557,-25.39591794587062,-7.476296748202416,-3.963149904505093,-16.247356228500863,-15.544087949357687,-16.105029364339426,-19.79619621507229,-15.614654950318279,21.89029543779077,-50.02909475192562
69.5,-18.426042335864842,-6.133912978850725,-0.8396365423609764,-18.18663401903569,-6.79515317882444,-13.364616236430098,-8.274927698261093,-14.069555724762461,-37.45577342473043,-19.495631565520945,-30.49452240005573,-8.762282659746914,8.965345771332556,-4.980167614888897,-25.482467439187786,-8.03057044885999,-3.7508835139534558,-16.9142932988853,-15.633625671640015,-15.145517025093385,-19.591408094509333,-15.465448331783772,20.928504604970534,-50.867971294716796
70.0,-18.34494036931942,-6.494910737750535,-0.9967400921603984,-16.834180934793775,-6.877078785402929,-12.925127730938543,-7.75743578790255,-13.954087691468692,-34.541806187843044,-19.742469053091277,-30.41165105299045,-8.84522567365866,8.300545664220488,-5.48652336391724,-26.162310986751656,-8.008168145350767,-3.3553685516758,-17.259817173201625,-15.86378709034736,-14.071401615557571,-19.47181565691575,-15.322167669350584,20.31156777272683,-50.91745785099529
70.5,-18.425238101822433,-7.1793861669261005,-0.9030654426691003,-16.04555152119332,-7.875212175652652,-12.627576656432,-6.44200224642212,-14.439451790293203,-31.31910096815446,-19.887798216287745,-30.297209357565666,-8.983917906377206,7.401289349224132,-5.776659201559907,-27.0583792203701,-7.543980746875035,-2.221605125649529,-16.93713407349699,-16.542547661918107,-13.26791773778745,-19.244174475531818,-15.165407995381273,20.331582380694897,-50.3328592699887
71.0,-18.621491598602883,-8.323706031657652,-1.0116639086117352,-16.095035675429752,-9.004196012705215,-12.289511648381573,-5.1833462657508305,-15.15628415658238,-28.366077181326208,-20.016402050698638,-29.948556097250215,-8.457255391204177,5.664809569698378,-5.876405994360637,-27.501933914336014,-6.840139089673386,-0.7442636046525967,-16.141956820659512,-17.093671412683392,-12.798122649857712,-18.67430190692229,-14.864392751588817,20.754680539026836,-50.332584507017216
71.5,-18.90735344404864,-9.530511926708058,-1.015004979310796,-16.56165912304551,-9.568158990749426,-12.07617598785532,-3.688748247598577,-15.363791970386222,-25.76119311030347,-19.898141123073735,-29.316672935029338,-7.620180721415222,3.5631910495997525,-5.90219789741581,-27.421437328478568,-6.504197004947392,0.8679055790330978,-14.918038225888857,-16.912477562283975,-12.5394946658769,-17.9880051145431,-14.655658721666125,21.004780764117488,-50.928524904108
72.0,-18.795263020101014,-10.088901456636345,-0.9696139737882283,-16.965043793624865,-9.850497570879813,-12.131769374918811,-1.8607353819973222,-15.360938447578187,-23.18567676701647,-19.476888872267608,-28.53028162930922,-7.712981874967954,1.9063196487826506,-5.890510760519022,-27.39738482576047,-6.640861789125843,2.278408080152935,-13.094224677095408,-16.089369028931845,-12.34718489857756,-17.62858934583756,-14.607114663556104,21.159261662490028,-51.27074949549693
72.5,-18.00327364411972,-10.334599992308855,-1.0308968877055182,-17.536551401074707,-9.732618160827757,-12.153700186194621,0.5190023921143528,-15.478676543037825,-20.542075809702155,-18.860013262102463,-27.813894013949593,-8.708768915271428,0.6423624687115039,-5.971238661402071,-27.50894844144799,-6.579164282599224,3.190774241556576,-10.931811547159148,-15.50623948847488,-12.086548883917068,-17.739240255424495,-14.572436791015061,21.548915993658227,-51.401177832279394
73.0,-16.414135521369396,-10.36264770520405,-0.6773632103106975,-18.232545939123227,-9.319695669236399,-12.47707372755562,4.082256205143088,-15.505935262016342,-18.104474690059124,-18.25294712272358,-27.348709333028328,-9.729658359219814,0.04460441672127102,-6.251160737813986,-27.432525266310883,-6.162712334232852,3.679467935921137,-8.34902101898988,-15.647881197733948,-11.942236126676065,-18.14169197112851,-14.391437024038963,22.079770042196095,-51.49238803442995
73.5,-14.365776032762652,-9.98795544334204,-0.04427186055433459,-18.494953155288268,-8.842567004185511,-13.24464400939616,8.185918809901047,-15.291662700780922,-16.01880496300289,-17.82048018294235,-27.045184604330526,-10.645076563258923,0.17518421279218627,-6.452630766548691,-27.432499812792074,-5.365894376594583,3.988274909400454,-5.460619724762187,-15.893303929240796,-12.157159768315495,-18.509236537385743,-14.306927816616305,22.316637787852525,-51.675412158564974
74.0,-12.641968439201142,-9.937450582819805,0.2734251513792893,-17.98153775086765,-8.148507424757376,-13.646964697471034,11.859266204283735,-14.748593465164562,-13.99403675876662,-17.49523733372643,-26.40569211460581,-11.075356918689355,0.5960902182303074,-6.195046312189569,-27.78971928466413,-4.144903716879519,4.514047467721001,-3.164423301615204,-15.727354902007047,-12.488890340355255,-18.622042394992487,-14.40564713842336,22.15477360167361,-52.03010997820994
74.5,-10.968226976258274,-10.781110886765074,0.30142980305415984,-16.973505689385505,-7.371867939038887,-12.923513554776212,14.17815023629476,-14.138969548608776,-12.327257955568474,-16.96776382307265,-25.401565821852273,-10.772443312202219,1.5190713628254546,-5.551422694686959,-28.25084710604716,-3.2775212206451565,5.485251706476721,-1.7341337449016767,-15.658229243255036,-12.867260517849916,-18.590931616242134,-14.55766346356755,21.864926340865704,-52.776866645084404
75.0,-9.119949641661748,-11.199703254386446,0.5571690215358953,-16.17214424919996,-6.019312352274887,-12.503330224630403,16.21137468751005,-13.377389322967304,-11.324679463582967,-16.33368059552726,-24.653033944115336,-10.35533178156784,2.411777595165349,-4.9552426902490625,-27.780955161412145,-2.733617041488345,6.211082858251919,0.2511223486801306,-15.814345594563886,-13.55910796842536,-18.363510387763295,-14.492897368849647,21.291441216358123,-53.27252130684427
75.5,-7.338609847712588,-11.639395869047553,0.7061479832943478,-15.111458170955698,-4.748277348629874,-12.048253944727525,17.674914168857384,-12.6214159361394,-10.502114050330263,-15.75480871833124,-23.933882114536775,-9.80940410180697,3.4267428586767696,-4.382413425787467,-27.388478589944263,-2.3567121290880664,6.967849108827529,2.05036227797396,-16.10355262965208,-14.251609180369627,-18.086111994556827,-14.485365586230843,20.64736227647178,-53.77639150865253
76.0,-5.686583115141854,-12.103069265698764,0.7191484703409414,-13.76550225517935,-3.6633902576438695,-11.568871645710098,18.468146700319558,-11.910379040368586,-9.820315008754367,-15.260774723311687,-23.25734628196282,-9.162961182894078,4.506680069739169,-3.8781886895478697,-27.154784034806926,-2.1865224828909344,7.775578874943063,3.605554738176906,-16.53957322755766,-14.89204933778246,-17.771137492776084,-14.55920425274378,19.961506272903307,-54.283738126301756
76.5,-4.226244964680344,-12.593603979290332,0.5669522646870924,-12.1083313023972,-2.869278408856734,-11.075770258220407,18.490450301879243,-11.283608287898137,-9.240035631798989,-14.8812051422954,-22.636662395239288,-8.444303934803475,5.594302144731998,-3.4878222697758647,-27.16123813916316,-2.2627641023435014,8.654300573338029,4.858668424486186,-17.13613026731846,-15.427713624763424,-17.430987938574148,-14.738549505420895,19.26268995734899,-54.789822035583825
77.0,-3.0199709170588456,-13.113880544772504,0.22034114834421814,-10.114000113135543,-2.4705691318083627,-10.579536712900737,17.641202993519094,-10.780433330971325,-8.72202921240784,-14.645726507109188,-22.08506640321199,-7.6817332675094585,6.632322000034728,-3.256567954717042,-27.48920754617596,-2.6251529868923154,9.62404262075193,5.751672032099034,-17.906946627972314,-15.8058872254121,-17.078064388104078,-15.047537481294626,18.579730081505126,-55.2899041122906
77.5,-2.130136493008173,-13.666779497095531,-0.3499030966762593,-7.756563487920662,-2.5718897560386216,-10.090757940393376,15.819782795221807,-10.44018382183144,-8.227049043524616,-14.583965349579858,-21.615794254726733,-6.903550090986333,7.563452552026815,-3.229679532616996,-28.220058899008357,-3.3134051359839303,10.704833433924279,6.2265342562126875,-18.865745188557057,-15.973855323828062,-16.724767897518948,-15.51030431739741,17.941443397068003,-55.77924523221395
78.0,-1.6191172132591127,-14.25518137120966,-1.1729986883629253,-5.010076227278848,-3.2778676110873874,-9.620020871340607,12.925567726970039,-10.302189412721752,-7.715848418093046,-14.725548201534211,-21.242081898629337,-6.138055315208401,8.330406717087728,-3.452410791721316,-29.435158840823362,-4.367236549064895,11.916701429594578,6.225223792024362,-20.026248828110525,-15.878903104110881,-16.383499522971825,-16.150986150761685,17.376646655733914,-56.25310627114575
78.5,-1.5492885985424536,-14.881966702065142,-2.278163844704366,-1.8485931317363846,-4.693130026494545,-9.177912436384723,8.857935808746467,-10.405779755885547,-7.149180629056829,-15.100101594799057,-20.97716528376561,-5.413549850149965,8.875897411596913,-3.9700155202755982,-31.21587401478399,-5.826363225581761,13.279675024502342,5.6897093347312975,-21.402180425670544,-15.468315750360116,-16.066660320615785,-16.993719118419897,16.91415660919915,-56.70674810487785
79.0,-1.983026169588996,-15.550016024612228,-3.6946167836891632,1.7538309981804332,-6.922304331799982,-8.775019566168005,3.5162650605337706,-10.790284503566099,-6.487798969359659,-15.737252061201193,-20.834280358981367,-4.758334605785311,9.142637551933836,-4.827747506525431,-33.64357106405325,-7.730501164981074,14.81378263538707,4.5619595795307255,-23.007262860274956,-14.689378446675363,-15.786651346603888,-18.06263935740448,16.58279000916,-57.13543160920214
79.5,-2.982705447129554,-16.26220987380117,-5.451575723305891,5.823141361945325,-10.07001785654355,-8.42192919133274,-3.200066497685386,-11.495033308006683,-5.6924567319452635,-16.666626132567437,-20.826663073122422,-4.200710492088775,9.07334005447798,-6.07086053871641,-36.79961663179416,-10.119366366709404,16.539052678988277,2.7839432216198645,-24.855219010961594,-13.489376377156194,-15.555873657089212,-19.381883004747866,16.411363607312765,-57.53441765991049
